{
  "Message": [
    {
      "ID": 1,
      "NextID": "2",
      "Text": "잠에서 깨자, 별 하나 없는 서울의 밤하늘이 보였다.",
      "Type": "Text",
      "Speaker": 100,
      "Room": 1,
      "Delay": 0.5
    },
    {
      "ID": 2,
      "NextID": "3",
      "Text": "테스트 메세지1111111",
      "Type": "Text",
      "Speaker": 100,
      "Room": 1,
      "Delay": 2
    },
    {
      "ID": 3,
      "NextID": "4",
      "Text": "이젠 내가 말할래",
      "Type": "Text",
      "Speaker": 500,
      "Room": 1,
      "Delay": 1.2
    },
    {
      "ID": 4,
      "NextID": "5",
      "Text": "많이 말할 수 있어.많이 말할 수 있어.많이 말할 수 있어.많이 말할 수 있어.많이 말할 수 있어.많이 말할 수 있어.많이 말할 수 있어.많이 말할 수 있어.많이 말할 수 있어.많이 말할 수 있어.많이 말할 수 있어.",
      "Type": "Text",
      "Speaker": 500,
      "Room": 1,
      "Delay": 1.2
    },
    {
      "ID": 5,
      "NextID": "-1",
      "Text": "테스트 메세지1111111",
      "Type": "Text",
      "Speaker": 100,
      "Room": 1,
      "Delay": 2
    }
  ]
}