{
  "TEXT": [
    {
      "KeyCode": "info_item_1001",
      "ko_text": "화려하게 빛나는 신비한 단검. 빛을 내뿜으면 주변마저 밝게 비춘다."
    },
    {
      "KeyCode": "info_item_1002",
      "ko_text": "이따금 반짝이는 단검. 빛을 잃지 않으려는 듯이 검끝이 반짝인다."
    },
    {
      "KeyCode": "info_item_1003",
      "ko_text": "음울한 회색의 단검. 안개 속에 있는 것처럼 흐린 빛을 내고 있다."
    },
    {
      "KeyCode": "info_item_1004",
      "ko_text": "더 이상 빛나지 않는 단검. 그 대신 칼날만큼은 더욱 흉흉하게 변했다."
    },
    {
      "KeyCode": "info_item_1005",
      "ko_text": "어둠에 완전히 삼켜진 단검. 찔린다면 다신 회복할 수 없는 상처가 남을 것이다."
    },
    {
      "KeyCode": "info_item_1006",
      "ko_text": "신기한 힘이 어린 타로 카드. 카드를 읽으면 밝은 미래를 예지해 준다."
    },
    {
      "KeyCode": "info_item_1007",
      "ko_text": "그림이 흐릿해진 타로 카드. 카드를 구분하려면 자세히 들여다봐야 한다."
    },
    {
      "KeyCode": "info_item_1008",
      "ko_text": "검은 구름이 낀 것 같은 타로 카드. 카드 그림 대부분이 가려져 읽기가 힘들다."
    },
    {
      "KeyCode": "info_item_1009",
      "ko_text": "새까맣게 물든 타로 카드. 카드에서 읽을 수 있는 건 숫자만 남았다."
    },
    {
      "KeyCode": "info_item_1010",
      "ko_text": "더 이상 어떤 것도 보이지 않는 타로 카드. 읽어봐도 아무런 의미가 없다."
    },
    {
      "KeyCode": "info_item_1011",
      "ko_text": "아주 단단해 보이는 대검. 무엇과 부딪히더라도 부서지지 않을 것만 같다."
    },
    {
      "KeyCode": "info_item_1012",
      "ko_text": "계속된 전투로 더러워진 대검. 닦아내지 않은 피가 끈적하게 검에 묻어있다."
    },
    {
      "KeyCode": "info_item_1013",
      "ko_text": "군데군데 이가 빠진 대검. 오랜 시간 손보지 않은 티가 역력하다."
    },
    {
      "KeyCode": "info_item_1014",
      "ko_text": "너무 많은 상처가 새겨진 대검. 당장이라도 깨질 것 같이 위태로워 보인다."
    },
    {
      "KeyCode": "info_item_1015",
      "ko_text": "결국 깨지고 부서져버린 대검. 지워지지 않을 흔적이 검에 새겨져 버렸다."
    },
    {
      "KeyCode": "info_item_2001",
      "ko_text": "스스로를 속이지 않기로 다짐하며 만든 부적. 진솔된 마음을 이끌어낸다."
    },
    {
      "KeyCode": "info_item_2002",
      "ko_text": "앞으로 나아가겠다고 결심하며 만든 부적. 두려울 때 등을 떠밀어준다."
    },
    {
      "KeyCode": "info_item_2003",
      "ko_text": "마음 속 바램을 되새기며 만든 부적. 바라던 것이 어떤 건지 다시 깨닫게 해준다."
    },
    {
      "KeyCode": "info_item_2004",
      "ko_text": "귀여운 캐릭터가 그려진 과일맛 껌. 안에는 판박이 스티커도 들어있다."
    },
    {
      "KeyCode": "info_item_2005",
      "ko_text": "하트모양 큐빅으로 엮은 팔찌. 아이들 장난감으로도 인기가 많다."
    },
    {
      "KeyCode": "info_item_2006",
      "ko_text": "가로로 쓰는 커다란 머리띠. 귀여운 리본 하나가 중앙에 달려있다."
    },
    {
      "KeyCode": "info_item_2007",
      "ko_text": "조그맣고 귀여운 아기 인형. 나도 모르게 껴안고 싶어진다."
    },
    {
      "KeyCode": "info_item_2008",
      "ko_text": "보석을 작은 알갱이가 될 때까지 갈아내어 만든 것. 어째서 이런 짓을...?"
    },
    {
      "KeyCode": "info_item_2009",
      "ko_text": "윤기가 흐르는 검은 비단. 이대로 둘러도 아름다운 원피스가 될 것 같다."
    },
    {
      "KeyCode": "info_item_2010",
      "ko_text": "여러 장의 색종이를 작게 잘라낸 것. 다양한 색이 모여 알록달록하다."
    },
    {
      "KeyCode": "info_item_2011",
      "ko_text": "회색 빛의 가짜 꽃. 생명력이 없어서 진짜 꽃처럼 보이지 않는다."
    },
    {
      "KeyCode": "info_item_2012",
      "ko_text": "마음을 전하기 위해 적은 누군가의 편지. 진심을 담았지만 전해지진 못했다."
    },
    {
      "KeyCode": "info_item_2013",
      "ko_text": ""
    },
    {
      "KeyCode": "info_item_2014",
      "ko_text": ""
    },
    {
      "KeyCode": "info_item_2015",
      "ko_text": ""
    },
    {
      "KeyCode": "info_item_6001",
      "ko_text": ""
    },
    {
      "KeyCode": "info_item_6002",
      "ko_text": ""
    },
    {
      "KeyCode": "info_item_6003",
      "ko_text": ""
    },
    {
      "KeyCode": "info_item_3001",
      "ko_text": "기운을 불어넣는 신비한 물약. 색은 비슷하지만 에너지 음료수하곤 다르다."
    },
    {
      "KeyCode": "info_item_3002",
      "ko_text": "근력이 올라가는 신비한 물약. 마시면 단백질 파우더 같은 맛이 난다."
    },
    {
      "KeyCode": "info_item_3003",
      "ko_text": "행운을 부르는 신비한 물약. 어쩐지 좋은 일이 생길 것 같은 저녁의 기운이 담겨있다."
    },
    {
      "KeyCode": "info_item_3004",
      "ko_text": "숨겨진 물건이 보이게 되는 신비한 물약. 리모컨과 핸드폰을 찾는데 아주 유용하다."
    },
    {
      "KeyCode": "info_item_4001",
      "ko_text": "먹구름에서 뜯어낸 것 같은 까만 솜덩이. 아주 부드럽지만 만지면 손이 까매진다."
    },
    {
      "KeyCode": "info_item_4002",
      "ko_text": "별처럼 빛나는 정체 모를 가루. 아주 작은데도 내뿜는 빛은 꽤 강하다."
    },
    {
      "KeyCode": "info_item_4003",
      "ko_text": "달이 떴을 때 맺힌 물방울. 씁쓸하고 아린 맛이 난다."
    },
    {
      "KeyCode": "info_item_4004",
      "ko_text": "홀로 떨어져있는 조그마한 눈송이. 시간이 지나면 자연스레 사라져 버린다."
    },
    {
      "KeyCode": "info_item_4005",
      "ko_text": "주먹 크기의 단단한 광석. 강도가 높아서 여러 용도로 쓸 수 있어 보인다."
    },
    {
      "KeyCode": "info_item_4006",
      "ko_text": "겨울의 추위에도 아직 따듯함이 남아있는 씨앗. 봄이 오면 다시 깨어날 힘을 품고 있다."
    },
    {
      "KeyCode": "info_item_4007",
      "ko_text": "작은 크기로 자라난 동백꽃. 하지만 꽃말의 의미만큼은 한껏 품고 있다."
    },
    {
      "KeyCode": "info_item_4008",
      "ko_text": "새하얀 안개가 모여서 만들어진 기묘한 덩어리. 거센 바람이 불어도 흩어지지 않는다."
    },
    {
      "KeyCode": "info_item_4009",
      "ko_text": "꽁꽁 얼어버린 나뭇잎. 약간만 힘을 줘도 바스라지니 주의해서 다뤄야한다."
    },
    {
      "KeyCode": "info_item_4010",
      "ko_text": "이상하도록 차가운 조약돌. 맨손으로 만지면 손가락이 붙어버린다."
    },
    {
      "KeyCode": "info_item_4011",
      "ko_text": "네 갈래로 갈린 희귀한 은행잎. 네잎 클로버처럼 행운을 불러오려고 노력하는 중이다."
    },
    {
      "KeyCode": "info_item_4012",
      "ko_text": "크기와 모양이 손에 딱 맞는 나뭇가지. 손에 잡히기 위해서 생겨난 것 같다."
    },
    {
      "KeyCode": "info_item_4013",
      "ko_text": "기운이 넘치는지 엄청나게 자란 솔방울. 좋은 곳에 심으면 커다란 소나무로 자라날 것이다."
    },
    {
      "KeyCode": "info_item_4014",
      "ko_text": "깨끗한 물이 얼어 만들어진 고드름. 어떤 더러움도 묻지 않아 손대기 망설여진다."
    },
    {
      "KeyCode": "info_item_4015",
      "ko_text": "잃어버렸다는 사실도 잊혀져버린 500원 동전. 당신이 찾아줘서 기뻐하는 낌새다."
    },
    {
      "KeyCode": "info_item_4016",
      "ko_text": "몸과 떨어져버린 마네킹 부품. 시선이 느껴지는 건 기분 탓이다."
    },
    {
      "KeyCode": "info_item_4017",
      "ko_text": "온갖 종류의 공구 부품이 담긴 상자. 부품이 섞여있어 원하는 걸 찾기 힘들다."
    },
    {
      "KeyCode": "info_item_4018",
      "ko_text": "하루에 몇 개만 판매하는 붕어빵. 사려면 그 전날부터 줄을 서야한다고 한다."
    },
    {
      "KeyCode": "info_item_4019",
      "ko_text": "누군가에게 소중했었던 작은 인형. 바닥을 굴러다녔는지 먼지로 뒤덮여있어 더럽다."
    },
    {
      "KeyCode": "info_item_4020",
      "ko_text": "향긋한 냄새가 풍기는 커피콩. 에스프레소가 되길 바라지만 아메리카노가 될 운명이다."
    },
    {
      "KeyCode": "info_item_4021",
      "ko_text": [
        "아주 예전에 쓰였던 고등학교 교과서. 많은 시간이 지나서 책도",
        "그 내용도 낡아버렸다."
      ]
    },
    {
      "KeyCode": "info_item_4022",
      "ko_text": "몇 번 쓰지도 못하고 분실된 지우개. 학교 바닥엔 이런 지우개가 어딜 가도 있다고 한다."
    },
    {
      "KeyCode": "info_item_4023",
      "ko_text": [
        "역사가 느껴지는 아주 오래된 우유. 개봉하는 자",
        "파멸을 피할 수 없으리."
      ]
    },
    {
      "KeyCode": "info_item_4024",
      "ko_text": "구석에서 어둠을 잔뜩 머금은 먼지. 검은 기운이 기분 나쁘게 피어난다."
    },
    {
      "KeyCode": "info_item_4025",
      "ko_text": "자신의 반을 잃어버린 돌멩이. 손에 쥐고 있으면 외톨이가 된 기분이 든다."
    },
    {
      "KeyCode": "info_item_5001",
      "ko_text": "수능 끝난 수험생이 버린 문제집. 앞으로 놀 생각만 남은 주인의 마음이 느껴진다."
    },
    {
      "KeyCode": "info_item_5002",
      "ko_text": "황금색으로 빛나는 신비한 열쇠. 어떤 자물쇠든 열 수 있는 힘을 가지고 있다."
    },
    {
      "KeyCode": "info_item_5003",
      "ko_text": "근방에 있는 미지를 찾아내는 추적기. 빨간 점으로 미지가 있는 위치를 알려준다."
    },
    {
      "KeyCode": "info_item_5004",
      "ko_text": "문제를 해결할 방법을 바라자 생겨난 물건. 어째서 깨진 거울이 나온 걸까?"
    },
    {
      "KeyCode": "",
      "ko_text": "학교에서 나눠준 프린트 사이에 껴있던 쪽지. 아픈 상대를 비웃는 내용이 적혀있다."
    },
    {
      "KeyCode": "",
      "ko_text": "남학생을 상담한 내용이 써있는 종이. 상담사의 악의가 잔뜩 전해져 온다."
    },
    {
      "KeyCode": "",
      "ko_text": "이름 모를 고등학교의 졸업 앨범. 어쩐지 익숙한 얼굴의 여학생 사진이 눈에 띈다."
    }
  ]
}