﻿<?xml version="1.0" encoding="utf-8" standalone="yes"?>
<Talk>
  <u_Talk_1>
    <story>
      <Text>잠에서 깨자, 별 하나 없는 서울의 밤하늘이 보였다.</Text>
      <Setting Type="Text" Speaker="100" Room="1" Delay="0.5"/>
    </story>
    <story>
      <Text>테스트 메세지1111111</Text>
      <Setting Type="Text" Speaker="100" Room="1" Delay="2"/>
    </story>
    <story>
      <Text>이젠 내가 말할래</Text>
      <Setting Type="Text" Speaker="500" Room="1" Delay="0"/>
    </story>
    <story>
      <Text>많이 말할 수 있어.많이 말할 수 있어.많이 말할 수 있어.많이 말할 수 있어.많이 말할 수 있어.많이 말할 수 있어.많이 말할 수 있어.많이 말할 수 있어.많이 말할 수 있어.많이 말할 수 있어.많이 말할 수 있어.</Text>
      <Setting Type="Text" Speaker="500" Room="1" Delay="3"/>
    </story>
    <story>
      <Text>테스트 메세지1111111</Text>
      <Setting Type="Text" Speaker="100" Room="1" Delay="0.1"/>
    </story>
  </u_Talk_1>
</Talk>